,loss,base_loss,val_loss,val_base_loss
0,0.6132694482803345,0.6132694482803345,0.4215141236782074,0.4215141236782074
1,0.4534248113632202,0.4534248113632202,0.4041353464126587,0.4041353464126587
2,0.4051537811756134,0.4051537811756134,0.3900739848613739,0.3900739848613739
3,0.37536969780921936,0.37536969780921936,0.40017083287239075,0.40017083287239075
4,0.35414519906044006,0.35414519906044006,0.38138726353645325,0.38138726353645325
5,0.3371884524822235,0.3371884524822235,0.382867693901062,0.382867693901062
6,0.3212192952632904,0.3212192952632904,0.4031903147697449,0.4031903147697449
7,0.3109990060329437,0.3109990060329437,0.415493369102478,0.415493369102478
8,0.29591605067253113,0.29591605067253113,0.41911551356315613,0.41911551356315613
9,0.2845751643180847,0.2845751643180847,0.4199337959289551,0.4199337959289551
10,0.2773204743862152,0.2773204743862152,0.4208988845348358,0.4208988845348358
11,0.26887279748916626,0.26887279748916626,0.448881059885025,0.448881059885025
12,0.2592317759990692,0.2592317759990692,0.42216095328330994,0.42216095328330994
13,0.25224265456199646,0.25224265456199646,0.43535491824150085,0.43535491824150085
14,0.2401098906993866,0.2401098906993866,0.45857781171798706,0.45857781171798706
15,0.23777112364768982,0.23777112364768982,0.45307040214538574,0.45307040214538574
16,0.2334146350622177,0.2334146350622177,0.4659847021102905,0.4659847021102905
17,0.22619277238845825,0.22619277238845825,0.4842876195907593,0.4842876195907593
18,0.2170998454093933,0.2170998454093933,0.47724977135658264,0.47724977135658264
19,0.21426452696323395,0.21426452696323395,0.49906620383262634,0.49906620383262634
20,0.2103191316127777,0.2103191316127777,0.4962824881076813,0.4962824881076813
21,0.19803079962730408,0.19803079962730408,0.5091091394424438,0.5091091394424438
22,0.20072077214717865,0.20072077214717865,0.5068365335464478,0.5068365335464478
23,0.1845182627439499,0.1845182627439499,0.5468305349349976,0.5468305349349976
24,0.19396959245204926,0.19396959245204926,0.526107907295227,0.526107907295227
25,0.18837420642375946,0.18837420642375946,0.5240979790687561,0.5240979790687561
26,0.18217140436172485,0.18217140436172485,0.5550981760025024,0.5550981760025024
27,0.1768893152475357,0.1768893152475357,0.5678179860115051,0.5678179860115051
28,0.17630118131637573,0.17630118131637573,0.5600783228874207,0.5600783228874207
29,0.17078909277915955,0.17078909277915955,0.5561439394950867,0.5561439394950867
30,0.16541005671024323,0.16541005671024323,0.5476855635643005,0.5476855635643005
31,0.16175851225852966,0.16175851225852966,0.5609754920005798,0.5609754920005798
32,0.16922631859779358,0.16922631859779358,0.5795143842697144,0.5795143842697144
33,0.16523312032222748,0.16523312032222748,0.6093482375144958,0.6093482375144958
34,0.16182027757167816,0.16182027757167816,0.5919429063796997,0.5919429063796997
35,0.15267208218574524,0.15267208218574524,0.5926595330238342,0.5926595330238342
36,0.15986953675746918,0.15986953675746918,0.616032600402832,0.616032600402832
37,0.1530909240245819,0.1530909240245819,0.5959662199020386,0.5959662199020386
38,0.1514761745929718,0.1514761745929718,0.5966736674308777,0.5966736674308777
39,0.15810538828372955,0.15810538828372955,0.6086478233337402,0.6086478233337402
40,0.2976921498775482,0.3523431718349457,0.5331009030342102,0.5331009030342102
41,0.23685269057750702,0.23685269057750702,0.5532971024513245,0.5532971024513245
42,0.6143103241920471,0.6143103241920471,0.42428165674209595,0.42428165674209595
43,0.2770729064941406,0.2770729064941406,0.38478925824165344,0.38478925824165344
44,0.18695731461048126,0.18695731461048126,0.4130811095237732,0.4130811095237732
45,0.1423410177230835,0.1423410177230835,0.4102616310119629,0.4102616310119629
46,0.11793211847543716,0.11793211847543716,0.3946429193019867,0.3946429193019867
47,0.10336573421955109,0.10336573421955109,0.38880231976509094,0.38880231976509094
48,0.10711362212896347,0.10711362212896347,0.3952770233154297,0.3952770233154297
49,0.09153904765844345,0.09153904765844345,0.41393089294433594,0.41393089294433594
50,0.07689318060874939,0.13612820208072662,0.3674420118331909,0.3674420118331909
51,0.07086373120546341,0.07086373120546341,0.39468705654144287,0.39468705654144287
52,0.06153286248445511,0.06153286248445511,0.4150664508342743,0.4150664508342743
53,0.05657476186752319,0.05657476186752319,0.4207792282104492,0.4207792282104492
54,0.05838760361075401,0.05838760361075401,0.4116702079772949,0.4116702079772949
55,0.049236495047807693,0.049236495047807693,0.41883406043052673,0.41883406043052673
56,0.049934785813093185,0.049934785813093185,0.4538101851940155,0.4538101851940155
57,0.042371395975351334,0.042371395975351334,0.4496570825576782,0.4496570825576782
58,0.042534660547971725,0.042534660547971725,0.4592207670211792,0.4592207670211792
59,0.043456923216581345,0.043456923216581345,0.48444265127182007,0.48444265127182007
60,0.042221881449222565,0.042221881449222565,0.4950547516345978,0.4950547516345978
61,0.03820209205150604,0.03820209205150604,0.4945279657840729,0.4945279657840729
62,0.0391835942864418,0.0391835942864418,0.5049417018890381,0.5049417018890381
63,0.03858334943652153,0.03858334943652153,0.5058122277259827,0.5058122277259827
64,0.037433166056871414,0.037433166056871414,0.522459089756012,0.522459089756012
65,0.03023642674088478,0.03023642674088478,0.5547243356704712,0.5547243356704712
66,0.037225622683763504,0.037225622683763504,0.5500505566596985,0.5500505566596985
67,0.03305358439683914,0.03305358439683914,0.5486132502555847,0.5486132502555847
68,0.03700946271419525,0.03700946271419525,0.5696907043457031,0.5696907043457031
69,0.031092481687664986,0.031092481687664986,0.5349931716918945,0.5349931716918945
70,0.03117598593235016,0.03117598593235016,0.5597766041755676,0.5597766041755676
71,0.03162345662713051,0.03162345662713051,0.5425919890403748,0.5425919890403748
72,0.03598213568329811,0.03598213568329811,0.5425147414207458,0.5425147414207458
73,0.02605295367538929,0.02605295367538929,0.573269784450531,0.573269784450531
74,0.026968376711010933,0.026968376711010933,0.6133673787117004,0.6133673787117004
75,0.03183536231517792,0.03183536231517792,0.5694327354431152,0.5694327354431152
76,0.03097222000360489,0.03097222000360489,0.5460527539253235,0.5460527539253235
77,0.02563679963350296,0.02563679963350296,0.5400574803352356,0.5400574803352356
78,0.028254138305783272,0.028254138305783272,0.5633875131607056,0.5633875131607056
79,0.028328940272331238,0.028328940272331238,0.5741197466850281,0.5741197466850281
80,0.02647833153605461,0.02647833153605461,0.5670780539512634,0.5670780539512634
81,0.025880936533212662,0.025880936533212662,0.568138837814331,0.568138837814331
82,0.026011712849140167,0.026011712849140167,0.5455439686775208,0.5455439686775208
83,0.022521864622831345,0.022521864622831345,0.5775021314620972,0.5775021314620972
84,0.02555466815829277,0.02555466815829277,0.5503628253936768,0.5503628253936768
85,0.023767801001667976,0.023767801001667976,0.5672454237937927,0.5672454237937927
86,0.02769310586154461,0.02769310586154461,0.5712062120437622,0.5712062120437622
87,0.026313893496990204,0.026313893496990204,0.5489425659179688,0.5489425659179688
88,0.024314576759934425,0.024314576759934425,0.5898213386535645,0.5898213386535645
89,0.022781897336244583,0.022781897336244583,0.595522403717041,0.595522403717041
90,0.12099629640579224,0.20439516007900238,0.7281012535095215,0.7281012535095215
91,0.1314413696527481,0.1314413696527481,0.5640693306922913,0.5640693306922913
92,0.05786982178688049,0.05786982178688049,0.5079846978187561,0.5079846978187561
93,0.10530645400285721,0.10530645400285721,0.5298466086387634,0.5298466086387634
94,0.061855949461460114,0.061855949461460114,0.5876580476760864,0.5876580476760864
95,0.05749126896262169,0.05749126896262169,0.5019053220748901,0.5019053220748901
96,0.07218662649393082,0.07218662649393082,0.550709068775177,0.550709068775177
97,0.054207656532526016,0.054207656532526016,0.5755739212036133,0.5755739212036133
98,0.07857266068458557,0.07857266068458557,0.5200626850128174,0.5200626850128174
99,0.05936053767800331,0.05936053767800331,0.5973310470581055,0.5973310470581055
100,0.03724691644310951,0.13568291068077087,0.4709559679031372,0.4709559679031372
101,0.030562475323677063,0.030562475323677063,0.48329398036003113,0.48329398036003113
102,0.030839264392852783,0.030839264392852783,0.4785258173942566,0.4785258173942566
103,0.024678315967321396,0.024678315967321396,0.5084325075149536,0.5084325075149536
104,0.025525914505124092,0.025525914505124092,0.4892929792404175,0.4892929792404175
105,0.025991782546043396,0.025991782546043396,0.521973192691803,0.521973192691803
106,0.023859307169914246,0.023859307169914246,0.4938108026981354,0.4938108026981354
107,0.02270575985312462,0.02270575985312462,0.5063952207565308,0.5063952207565308
108,0.019252408295869827,0.019252408295869827,0.5009159445762634,0.5009159445762634
109,0.019932102411985397,0.019932102411985397,0.5286213159561157,0.5286213159561157
110,0.018101917579770088,0.018101917579770088,0.49676212668418884,0.49676212668418884
111,0.015981510281562805,0.015981510281562805,0.5227162837982178,0.5227162837982178
112,0.01833968795835972,0.01833968795835972,0.5205591917037964,0.5205591917037964
113,0.016831323504447937,0.016831323504447937,0.505986750125885,0.505986750125885
114,0.01676889695227146,0.01676889695227146,0.5153749585151672,0.5153749585151672
115,0.01948350854218006,0.01948350854218006,0.5474894046783447,0.5474894046783447
116,0.01771833561360836,0.01771833561360836,0.5363683104515076,0.5363683104515076
117,0.015644971281290054,0.015644971281290054,0.5511282086372375,0.5511282086372375
118,0.017059756442904472,0.017059756442904472,0.5390766859054565,0.5390766859054565
119,0.01456878986209631,0.01456878986209631,0.5472245812416077,0.5472245812416077
120,0.01585281267762184,0.01585281267762184,0.5575498938560486,0.5575498938560486
121,0.014290505088865757,0.014290505088865757,0.5648504495620728,0.5648504495620728
122,0.012888710014522076,0.012888710014522076,0.5513708591461182,0.5513708591461182
123,0.014352594502270222,0.014352594502270222,0.5600795149803162,0.5600795149803162
124,0.013329211622476578,0.013329211622476578,0.5520661473274231,0.5520661473274231
125,0.015236958861351013,0.015236958861351013,0.5791952610015869,0.5791952610015869
126,0.016590788960456848,0.016590788960456848,0.5742276906967163,0.5742276906967163
127,0.013546297326683998,0.013546297326683998,0.5813093185424805,0.5813093185424805
128,0.013784710317850113,0.013784710317850113,0.5788170099258423,0.5788170099258423
129,0.01338055171072483,0.01338055171072483,0.5962852239608765,0.5962852239608765
130,0.014422690495848656,0.014422690495848656,0.586027204990387,0.586027204990387
131,0.012843770906329155,0.012843770906329155,0.5968872308731079,0.5968872308731079
132,0.013410435058176517,0.013410435058176517,0.5935325622558594,0.5935325622558594
133,0.014156484045088291,0.014156484045088291,0.5890498757362366,0.5890498757362366
134,0.012665634974837303,0.012665634974837303,0.6079716682434082,0.6079716682434082
135,0.014646326191723347,0.014646326191723347,0.6000116467475891,0.6000116467475891
136,0.014383921399712563,0.014383921399712563,0.6328505277633667,0.6328505277633667
137,0.011491667479276657,0.011491667479276657,0.648231029510498,0.648231029510498
138,0.011002076789736748,0.011002076789736748,0.6506028771400452,0.6506028771400452
139,0.010811935178935528,0.010811935178935528,0.6505951881408691,0.6505951881408691
140,0.06941153854131699,0.17155568301677704,0.7202693223953247,0.7202693223953247
141,0.05159631371498108,0.05159631371498108,0.6076721549034119,0.6076721549034119
142,0.06286090612411499,0.06286090612411499,0.7218130826950073,0.7218130826950073
143,0.0487024150788784,0.0487024150788784,0.6209962964057922,0.6209962964057922
144,0.05910710617899895,0.05910710617899895,0.6258184313774109,0.6258184313774109
145,0.056555140763521194,0.056555140763521194,0.5289850234985352,0.5289850234985352
146,0.04659814387559891,0.04659814387559891,0.7416638135910034,0.7416638135910034
147,0.039934396743774414,0.039934396743774414,0.6205413341522217,0.6205413341522217
148,0.09458862245082855,0.09458862245082855,0.5633782744407654,0.5633782744407654
149,0.028251593932509422,0.028251593932509422,0.6636552214622498,0.6636552214622498
150,0.019022177904844284,0.1323176622390747,0.5279392004013062,0.5279392004013062
151,0.01484385970979929,0.01484385970979929,0.5313007831573486,0.5313007831573486
152,0.0140461390838027,0.0140461390838027,0.5358513593673706,0.5358513593673706
153,0.01580779440701008,0.01580779440701008,0.5224257111549377,0.5224257111549377
154,0.014547661878168583,0.014547661878168583,0.5236162543296814,0.5236162543296814
155,0.014961615204811096,0.014961615204811096,0.5189568996429443,0.5189568996429443
156,0.010985096916556358,0.010985096916556358,0.5161345601081848,0.5161345601081848
157,0.00981845147907734,0.00981845147907734,0.544076681137085,0.544076681137085
158,0.010768797248601913,0.010768797248601913,0.5423599481582642,0.5423599481582642
159,0.010418501682579517,0.010418501682579517,0.5511682629585266,0.5511682629585266
160,0.009514205157756805,0.009514205157756805,0.5468975901603699,0.5468975901603699
161,0.010170570574700832,0.010170570574700832,0.5211467742919922,0.5211467742919922
162,0.009430859237909317,0.009430859237909317,0.5130913257598877,0.5130913257598877
163,0.011577300727367401,0.011577300727367401,0.5449178218841553,0.5449178218841553
164,0.009272841736674309,0.009272841736674309,0.5842979550361633,0.5842979550361633
165,0.008449562825262547,0.008449562825262547,0.5831961631774902,0.5831961631774902
166,0.009040041826665401,0.009040041826665401,0.5543033480644226,0.5543033480644226
167,0.010662263259291649,0.010662263259291649,0.5480097532272339,0.5480097532272339
168,0.007966292090713978,0.007966292090713978,0.5482364296913147,0.5482364296913147
169,0.010122222825884819,0.010122222825884819,0.5792527794837952,0.5792527794837952
170,0.007179045584052801,0.007179045584052801,0.572425365447998,0.572425365447998
171,0.010251622647047043,0.010251622647047043,0.5788491368293762,0.5788491368293762
172,0.008380276151001453,0.008380276151001453,0.5872856974601746,0.5872856974601746
173,0.008862492628395557,0.008862492628395557,0.5856217741966248,0.5856217741966248
174,0.0074438489973545074,0.0074438489973545074,0.5836294293403625,0.5836294293403625
175,0.011213873513042927,0.011213873513042927,0.5727308392524719,0.5727308392524719
176,0.00780031643807888,0.00780031643807888,0.5897260904312134,0.5897260904312134
177,0.00982328038662672,0.00982328038662672,0.5487809181213379,0.5487809181213379
178,0.007296528201550245,0.007296528201550245,0.5488415360450745,0.5488415360450745
179,0.006941564381122589,0.006941564381122589,0.5817406177520752,0.5817406177520752
180,0.007256277371197939,0.007256277371197939,0.5892189741134644,0.5892189741134644
181,0.008172298781573772,0.008172298781573772,0.582035481929779,0.582035481929779
182,0.007377208676189184,0.007377208676189184,0.5662210583686829,0.5662210583686829
183,0.007686391938477755,0.007686391938477755,0.6114382147789001,0.6114382147789001
184,0.007558256387710571,0.007558256387710571,0.6038991212844849,0.6038991212844849
185,0.00879048090428114,0.00879048090428114,0.5846506953239441,0.5846506953239441
186,0.00638628052547574,0.00638628052547574,0.565036416053772,0.565036416053772
187,0.005518912337720394,0.005518912337720394,0.5776142477989197,0.5776142477989197
188,0.007513973396271467,0.007513973396271467,0.6028022170066833,0.6028022170066833
189,0.005557789467275143,0.005557789467275143,0.6087790131568909,0.6087790131568909
190,0.04646844044327736,0.145295649766922,0.7075071334838867,0.7075071334838867
191,0.04561224579811096,0.04561224579811096,0.6443629264831543,0.6443629264831543
192,0.06377303600311279,0.06377303600311279,0.6513450145721436,0.6513450145721436
193,0.029669664800167084,0.029669664800167084,0.6304023265838623,0.6304023265838623
194,0.04475577920675278,0.04475577920675278,0.7093163132667542,0.7093163132667542
195,0.035606369376182556,0.035606369376182556,0.597700297832489,0.597700297832489
196,0.02703065238893032,0.02703065238893032,0.7875874638557434,0.7875874638557434
197,0.09438944607973099,0.09438944607973099,0.578581690788269,0.578581690788269
198,0.03411201760172844,0.03411201760172844,0.6491644382476807,0.6491644382476807
199,0.013823282904922962,0.013823282904922962,0.5796042680740356,0.5796042680740356
200,0.011944558471441269,0.11171183735132217,0.5996124744415283,0.5996124744415283
201,0.009783677756786346,0.009783677756786346,0.5895423889160156,0.5895423889160156
202,0.010992796160280704,0.010992796160280704,0.5647618770599365,0.5647618770599365
203,0.007734035607427359,0.007734035607427359,0.5615837574005127,0.5615837574005127
204,0.007030857726931572,0.007030857726931572,0.5834562182426453,0.5834562182426453
205,0.007009725086390972,0.007009725086390972,0.6032826900482178,0.6032826900482178
206,0.008468842133879662,0.008468842133879662,0.622369110584259,0.622369110584259
207,0.009372379630804062,0.009372379630804062,0.5910424590110779,0.5910424590110779
208,0.007373724598437548,0.007373724598437548,0.5769648551940918,0.5769648551940918
209,0.008146998472511768,0.008146998472511768,0.626522958278656,0.626522958278656
210,0.00603090925142169,0.00603090925142169,0.5857086777687073,0.5857086777687073
211,0.006330225151032209,0.006330225151032209,0.6162339448928833,0.6162339448928833
212,0.007528409827500582,0.007528409827500582,0.605356752872467,0.605356752872467
213,0.007618580479174852,0.007618580479174852,0.631592333316803,0.631592333316803
214,0.007578280288726091,0.007578280288726091,0.616420328617096,0.616420328617096
215,0.006195870693773031,0.006195870693773031,0.638854444026947,0.638854444026947
216,0.007870865054428577,0.007870865054428577,0.6503877639770508,0.6503877639770508
217,0.005638877395540476,0.005638877395540476,0.6207531690597534,0.6207531690597534
218,0.005627669394016266,0.005627669394016266,0.643898606300354,0.643898606300354
219,0.006466980557888746,0.006466980557888746,0.6666300296783447,0.6666300296783447
220,0.005207479931414127,0.005207479931414127,0.6495347619056702,0.6495347619056702
221,0.00816381350159645,0.00816381350159645,0.639361560344696,0.639361560344696
222,0.006505981087684631,0.006505981087684631,0.6109018325805664,0.6109018325805664
223,0.008419341407716274,0.008419341407716274,0.598323404788971,0.598323404788971
224,0.007429491728544235,0.007429491728544235,0.6046961545944214,0.6046961545944214
225,0.004756005015224218,0.004756005015224218,0.6104555130004883,0.6104555130004883
226,0.007983514107763767,0.007983514107763767,0.5685389041900635,0.5685389041900635
227,0.010826966725289822,0.010826966725289822,0.551628828048706,0.551628828048706
228,0.006205338519066572,0.006205338519066572,0.6107443571090698,0.6107443571090698
229,0.004616879392415285,0.004616879392415285,0.5789430141448975,0.5789430141448975
230,0.0064833154901862144,0.0064833154901862144,0.6152458786964417,0.6152458786964417
231,0.007672259118407965,0.007672259118407965,0.6119540929794312,0.6119540929794312
232,0.005672546103596687,0.005672546103596687,0.6021649241447449,0.6021649241447449
233,0.005657501984387636,0.005657501984387636,0.6037578582763672,0.6037578582763672
234,0.006185004487633705,0.006185004487633705,0.5924426913261414,0.5924426913261414
235,0.004224698059260845,0.004224698059260845,0.6120712161064148,0.6120712161064148
236,0.005510848946869373,0.005510848946869373,0.5677744150161743,0.5677744150161743
237,0.005307335872203112,0.005307335872203112,0.5788307189941406,0.5788307189941406
238,0.006038172170519829,0.006038172170519829,0.582789421081543,0.582789421081543
239,0.005341318901628256,0.005341318901628256,0.5775218605995178,0.5775218605995178
240,0.04323083907365799,0.1371334195137024,0.6682000160217285,0.6682000160217285
241,0.02804071642458439,0.02804071642458439,0.5869725942611694,0.5869725942611694
242,0.02409661002457142,0.02409661002457142,0.5765289068222046,0.5765289068222046
243,0.034331053495407104,0.034331053495407104,0.6467616558074951,0.6467616558074951
244,0.03660495579242706,0.03660495579242706,0.6025176644325256,0.6025176644325256
245,0.03125723823904991,0.03125723823904991,0.6456660628318787,0.6456660628318787
246,0.025331908836960793,0.025331908836960793,0.554705798625946,0.554705798625946
247,0.023756271228194237,0.023756271228194237,0.5744443535804749,0.5744443535804749
248,0.01748170703649521,0.01748170703649521,0.5685783624649048,0.5685783624649048
249,0.016985910013318062,0.016985910013318062,0.636022686958313,0.636022686958313
250,0.01214001514017582,0.12178855389356613,0.5153981447219849,0.5153981447219849
251,0.009241924621164799,0.009241924621164799,0.49943920969963074,0.49943920969963074
252,0.008017449639737606,0.008017449639737606,0.524875819683075,0.524875819683075
253,0.0089136753231287,0.0089136753231287,0.5348873734474182,0.5348873734474182
254,0.008120926097035408,0.008120926097035408,0.5604192018508911,0.5604192018508911
255,0.006329746916890144,0.006329746916890144,0.5870164036750793,0.5870164036750793
256,0.005934830289334059,0.005934830289334059,0.5662114024162292,0.5662114024162292
257,0.006237100809812546,0.006237100809812546,0.5826957821846008,0.5826957821846008
258,0.006314516998827457,0.006314516998827457,0.5365744233131409,0.5365744233131409
259,0.0049615721218287945,0.0049615721218287945,0.5789833068847656,0.5789833068847656
260,0.006542908493429422,0.006542908493429422,0.6082181930541992,0.6082181930541992
261,0.005288596730679274,0.005288596730679274,0.5674914717674255,0.5674914717674255
262,0.005281176418066025,0.005281176418066025,0.5650923252105713,0.5650923252105713
263,0.005584490951150656,0.005584490951150656,0.6040523052215576,0.6040523052215576
264,0.005345092620700598,0.005345092620700598,0.5832517743110657,0.5832517743110657
265,0.0046932278200984,0.0046932278200984,0.5725805163383484,0.5725805163383484
266,0.009118521586060524,0.009118521586060524,0.5792738795280457,0.5792738795280457
267,0.005414028652012348,0.005414028652012348,0.5607692003250122,0.5607692003250122
268,0.004118224605917931,0.004118224605917931,0.5536914467811584,0.5536914467811584
269,0.004585881717503071,0.004585881717503071,0.5842660665512085,0.5842660665512085
270,0.004901140928268433,0.004901140928268433,0.5939339399337769,0.5939339399337769
271,0.005806599278002977,0.005806599278002977,0.5855900049209595,0.5855900049209595
272,0.006767850369215012,0.006767850369215012,0.5738463997840881,0.5738463997840881
273,0.005900597665458918,0.005900597665458918,0.5940845608711243,0.5940845608711243
274,0.004703450482338667,0.004703450482338667,0.5617652535438538,0.5617652535438538
275,0.0042328620329499245,0.0042328620329499245,0.5625290274620056,0.5625290274620056
276,0.005505202803760767,0.005505202803760767,0.5730537176132202,0.5730537176132202
277,0.007164472714066505,0.007164472714066505,0.5571354627609253,0.5571354627609253
278,0.0038269669748842716,0.0038269669748842716,0.5918180346488953,0.5918180346488953
279,0.006199011113494635,0.006199011113494635,0.5582827925682068,0.5582827925682068
280,0.005147217307239771,0.005147217307239771,0.5556795597076416,0.5556795597076416
281,0.00388070335611701,0.00388070335611701,0.599482536315918,0.599482536315918
282,0.0034195694606751204,0.0034195694606751204,0.5774635672569275,0.5774635672569275
283,0.0035597498062998056,0.0035597498062998056,0.5737754106521606,0.5737754106521606
284,0.005458084866404533,0.005458084866404533,0.5907883048057556,0.5907883048057556
285,0.0056794751435518265,0.0056794751435518265,0.5782536268234253,0.5782536268234253
286,0.004218054469674826,0.004218054469674826,0.5877116322517395,0.5877116322517395
287,0.004403000697493553,0.004403000697493553,0.6150032877922058,0.6150032877922058
288,0.0052420650608837605,0.0052420650608837605,0.6475692391395569,0.6475692391395569
289,0.008127227425575256,0.008127227425575256,0.5961390733718872,0.5961390733718872
290,0.0363478921353817,0.13473236560821533,0.6382369995117188,0.6382369995117188
291,0.03187345713376999,0.03187345713376999,0.7846593260765076,0.7846593260765076
292,0.020813699811697006,0.020813699811697006,0.5537247061729431,0.5537247061729431
293,0.024876736104488373,0.024876736104488373,0.6958965063095093,0.6958965063095093
294,0.033299919217824936,0.033299919217824936,0.6033161282539368,0.6033161282539368
295,0.021689727902412415,0.021689727902412415,0.5844243764877319,0.5844243764877319
296,0.031647756695747375,0.031647756695747375,0.534063994884491,0.534063994884491
297,0.0129759032279253,0.0129759032279253,0.5144532322883606,0.5144532322883606
298,0.02201245166361332,0.02201245166361332,0.6382437944412231,0.6382437944412231
299,0.017892396077513695,0.017892396077513695,0.6070936322212219,0.6070936322212219
300,0.008406703360378742,0.11362701654434204,0.5307028293609619,0.5307028293609619
301,0.005277091637253761,0.005277091637253761,0.5309833288192749,0.5309833288192749
302,0.006106705870479345,0.006106705870479345,0.5123117566108704,0.5123117566108704
303,0.0044931937009096146,0.0044931937009096146,0.5188884139060974,0.5188884139060974
304,0.004008857067674398,0.004008857067674398,0.5435248613357544,0.5435248613357544
305,0.0058378251269459724,0.0058378251269459724,0.5324872136116028,0.5324872136116028
306,0.00714319059625268,0.00714319059625268,0.5130495429039001,0.5130495429039001
307,0.005158343818038702,0.005158343818038702,0.5152697563171387,0.5152697563171387
308,0.0048219989985227585,0.0048219989985227585,0.521598219871521,0.521598219871521
309,0.004143339116126299,0.004143339116126299,0.5278405547142029,0.5278405547142029
310,0.005960860755294561,0.005960860755294561,0.4967433214187622,0.4967433214187622
311,0.004283742513507605,0.004283742513507605,0.5140314102172852,0.5140314102172852
312,0.003858035197481513,0.003858035197481513,0.5396705865859985,0.5396705865859985
313,0.0037716843653470278,0.0037716843653470278,0.5492033362388611,0.5492033362388611
314,0.004062919411808252,0.004062919411808252,0.5187630653381348,0.5187630653381348
315,0.0048212213441729546,0.0048212213441729546,0.5288703441619873,0.5288703441619873
316,0.00361187057569623,0.00361187057569623,0.5599554181098938,0.5599554181098938
317,0.004166372586041689,0.004166372586041689,0.5515544414520264,0.5515544414520264
318,0.0053342427127063274,0.0053342427127063274,0.5191522836685181,0.5191522836685181
319,0.00364926690235734,0.00364926690235734,0.5443176031112671,0.5443176031112671
320,0.006380624603480101,0.006380624603480101,0.5025770664215088,0.5025770664215088
321,0.003412882098928094,0.003412882098928094,0.5202316641807556,0.5202316641807556
322,0.003419378539547324,0.003419378539547324,0.5258381962776184,0.5258381962776184
323,0.0029442741069942713,0.0029442741069942713,0.5308806300163269,0.5308806300163269
324,0.004805436357855797,0.004805436357855797,0.5298815369606018,0.5298815369606018
325,0.004784658085554838,0.004784658085554838,0.5273572206497192,0.5273572206497192
326,0.0034664194099605083,0.0034664194099605083,0.5838316082954407,0.5838316082954407
327,0.004720511380583048,0.004720511380583048,0.5500375032424927,0.5500375032424927
328,0.0056132362224161625,0.0056132362224161625,0.5331175923347473,0.5331175923347473
329,0.003327657002955675,0.003327657002955675,0.5543597340583801,0.5543597340583801
330,0.0032110540196299553,0.0032110540196299553,0.5069336891174316,0.5069336891174316
331,0.0031172705348581076,0.0031172705348581076,0.5147430300712585,0.5147430300712585
332,0.003644113428890705,0.003644113428890705,0.5222525000572205,0.5222525000572205
333,0.0036421301774680614,0.0036421301774680614,0.5206048488616943,0.5206048488616943
334,0.005411822814494371,0.005411822814494371,0.5122427344322205,0.5122427344322205
335,0.003442671848461032,0.003442671848461032,0.5030132532119751,0.5030132532119751
336,0.004666941240429878,0.004666941240429878,0.496134877204895,0.496134877204895
337,0.0033409115858376026,0.0033409115858376026,0.46462494134902954,0.46462494134902954
338,0.0032183534931391478,0.0032183534931391478,0.48852160573005676,0.48852160573005676
339,0.0020491795148700476,0.0020491795148700476,0.5013167858123779,0.5013167858123779
340,0.020056158304214478,0.1046387106180191,0.5921514630317688,0.5921514630317688
341,0.018327804282307625,0.018327804282307625,0.6131525635719299,0.6131525635719299
342,0.024420611560344696,0.024420611560344696,0.5677759647369385,0.5677759647369385
343,0.016761016100645065,0.016761016100645065,0.6308667063713074,0.6308667063713074
344,0.017911328002810478,0.017911328002810478,0.5637896060943604,0.5637896060943604
345,0.019773883745074272,0.019773883745074272,0.6896985769271851,0.6896985769271851
346,0.0210125595331192,0.0210125595331192,0.5856561660766602,0.5856561660766602
347,0.023000095039606094,0.023000095039606094,0.536109447479248,0.536109447479248
348,0.00840919278562069,0.00840919278562069,0.5634962916374207,0.5634962916374207
349,0.028292929753661156,0.028292929753661156,0.7515594363212585,0.7515594363212585
350,0.020416220650076866,0.14891603589057922,0.5762427449226379,0.5762427449226379
351,0.01370931789278984,0.01370931789278984,0.5438300371170044,0.5438300371170044
352,0.010868550278246403,0.010868550278246403,0.5378169417381287,0.5378169417381287
353,0.008881836198270321,0.008881836198270321,0.5363229513168335,0.5363229513168335
354,0.008560076355934143,0.008560076355934143,0.5522934794425964,0.5522934794425964
355,0.007080934941768646,0.007080934941768646,0.5553209781646729,0.5553209781646729
356,0.006980533711612225,0.006980533711612225,0.5564678311347961,0.5564678311347961
357,0.0077255358919501305,0.0077255358919501305,0.5634995102882385,0.5634995102882385
358,0.008633558638393879,0.008633558638393879,0.5622925162315369,0.5622925162315369
359,0.005611484870314598,0.005611484870314598,0.567968487739563,0.567968487739563
360,0.007097439840435982,0.007097439840435982,0.5648698210716248,0.5648698210716248
361,0.008590050972998142,0.008590050972998142,0.5423411130905151,0.5423411130905151
362,0.006543552502989769,0.006543552502989769,0.5478911399841309,0.5478911399841309
363,0.006645831745117903,0.006645831745117903,0.5481464862823486,0.5481464862823486
364,0.005573885049670935,0.005573885049670935,0.5636186003684998,0.5636186003684998
365,0.0068257530219852924,0.0068257530219852924,0.5816792845726013,0.5816792845726013
366,0.005924023687839508,0.005924023687839508,0.5697829127311707,0.5697829127311707
367,0.005957431625574827,0.005957431625574827,0.584520161151886,0.584520161151886
368,0.005533935502171516,0.005533935502171516,0.573137104511261,0.573137104511261
369,0.005539904814213514,0.005539904814213514,0.5768237113952637,0.5768237113952637
370,0.006600194610655308,0.006600194610655308,0.5644205808639526,0.5644205808639526
371,0.006500256713479757,0.006500256713479757,0.5710926651954651,0.5710926651954651
372,0.005405167583376169,0.005405167583376169,0.5869704484939575,0.5869704484939575
373,0.005397707689553499,0.005397707689553499,0.6416519284248352,0.6416519284248352
374,0.008376581594347954,0.008376581594347954,0.6284751892089844,0.6284751892089844
375,0.005864425096660852,0.005864425096660852,0.609742283821106,0.609742283821106
376,0.006058884784579277,0.006058884784579277,0.6027373671531677,0.6027373671531677
377,0.004683519247919321,0.004683519247919321,0.6031524538993835,0.6031524538993835
378,0.006834608037024736,0.006834608037024736,0.5798024535179138,0.5798024535179138
379,0.004766346886754036,0.004766346886754036,0.5865276455879211,0.5865276455879211
380,0.004255488980561495,0.004255488980561495,0.592144250869751,0.592144250869751
381,0.00881177093833685,0.00881177093833685,0.5747861266136169,0.5747861266136169
382,0.003547682659700513,0.003547682659700513,0.6013342142105103,0.6013342142105103
383,0.0053645530715584755,0.0053645530715584755,0.6103167533874512,0.6103167533874512
384,0.004689430817961693,0.004689430817961693,0.5726460814476013,0.5726460814476013
385,0.003375902073457837,0.003375902073457837,0.5806453824043274,0.5806453824043274
386,0.00469470489770174,0.00469470489770174,0.6043403148651123,0.6043403148651123
387,0.003381076268851757,0.003381076268851757,0.594759464263916,0.594759464263916
388,0.005002244841307402,0.005002244841307402,0.6244212985038757,0.6244212985038757
389,0.006527649704366922,0.006527649704366922,0.5983954668045044,0.5983954668045044
390,0.02097911760210991,0.12246103584766388,0.7090216875076294,0.7090216875076294
391,0.019290883094072342,0.019290883094072342,0.6615117192268372,0.6615117192268372
392,0.023742524906992912,0.023742524906992912,0.748863160610199,0.748863160610199
393,0.009996388107538223,0.009996388107538223,0.6941222548484802,0.6941222548484802
394,0.01628619059920311,0.01628619059920311,0.7627118229866028,0.7627118229866028
395,0.029007164761424065,0.029007164761424065,0.5730631947517395,0.5730631947517395
396,0.018053026869893074,0.018053026869893074,0.5724529027938843,0.5724529027938843
397,0.017858047038316727,0.017858047038316727,0.7576316595077515,0.7576316595077515
398,0.016828252002596855,0.016828252002596855,0.6553298234939575,0.6553298234939575
399,0.011628985404968262,0.011628985404968262,0.5997430086135864,0.5997430086135864
400,0.006932366173714399,0.11111994832754135,0.6014329791069031,0.6014329791069031
401,0.004514909349381924,0.004514909349381924,0.5658044815063477,0.5658044815063477
402,0.006037056911736727,0.006037056911736727,0.5642867684364319,0.5642867684364319
403,0.004925886634737253,0.004925886634737253,0.5484553575515747,0.5484553575515747
404,0.00319374306127429,0.00319374306127429,0.584021270275116,0.584021270275116
405,0.003238074015825987,0.003238074015825987,0.6350621581077576,0.6350621581077576
406,0.004010450094938278,0.004010450094938278,0.6192103028297424,0.6192103028297424
407,0.004293809179216623,0.004293809179216623,0.6173888444900513,0.6173888444900513
408,0.003694677958264947,0.003694677958264947,0.5987854599952698,0.5987854599952698
409,0.003816202748566866,0.003816202748566866,0.5961161851882935,0.5961161851882935
410,0.004773125052452087,0.004773125052452087,0.5849494934082031,0.5849494934082031
411,0.0038554207421839237,0.0038554207421839237,0.5853569507598877,0.5853569507598877
412,0.0034504984505474567,0.0034504984505474567,0.569291353225708,0.569291353225708
413,0.0058094714768230915,0.0058094714768230915,0.5756097435951233,0.5756097435951233
414,0.0031190041918307543,0.0031190041918307543,0.5757044553756714,0.5757044553756714
415,0.002714975969865918,0.002714975969865918,0.5723215937614441,0.5723215937614441
416,0.003796722972765565,0.003796722972765565,0.5845750570297241,0.5845750570297241
417,0.0036075704265385866,0.0036075704265385866,0.5879707932472229,0.5879707932472229
418,0.004475186578929424,0.004475186578929424,0.5778665542602539,0.5778665542602539
419,0.004192383028566837,0.004192383028566837,0.5813130140304565,0.5813130140304565
420,0.00281822239048779,0.00281822239048779,0.5908926725387573,0.5908926725387573
421,0.002363659208640456,0.002363659208640456,0.5800740718841553,0.5800740718841553
422,0.0034532088320702314,0.0034532088320702314,0.572620153427124,0.572620153427124
423,0.0026798974722623825,0.0026798974722623825,0.5930382013320923,0.5930382013320923
424,0.005063734948635101,0.005063734948635101,0.5654968619346619,0.5654968619346619
425,0.00197846838273108,0.00197846838273108,0.5727339386940002,0.5727339386940002
426,0.005175837781280279,0.005175837781280279,0.5650331377983093,0.5650331377983093
427,0.0028897684533149004,0.0028897684533149004,0.5845925807952881,0.5845925807952881
428,0.0035872256848961115,0.0035872256848961115,0.5252627730369568,0.5252627730369568
429,0.0034756502136588097,0.0034756502136588097,0.5676502585411072,0.5676502585411072
430,0.0032625484745949507,0.0032625484745949507,0.5964381694793701,0.5964381694793701
431,0.004818790592253208,0.004818790592253208,0.571165919303894,0.571165919303894
432,0.003389728022739291,0.003389728022739291,0.5429670810699463,0.5429670810699463
433,0.003408222459256649,0.003408222459256649,0.5386071801185608,0.5386071801185608
434,0.0034092608839273453,0.0034092608839273453,0.5486169457435608,0.5486169457435608
435,0.0023393521551042795,0.0023393521551042795,0.5750309228897095,0.5750309228897095
436,0.00397560466080904,0.00397560466080904,0.5508028864860535,0.5508028864860535
437,0.003277842653915286,0.003277842653915286,0.5973727107048035,0.5973727107048035
438,0.00328151136636734,0.00328151136636734,0.580128014087677,0.580128014087677
439,0.004646939225494862,0.004646939225494862,0.5538614392280579,0.5538614392280579
440,0.02069285325706005,0.11439830809831619,0.6235294938087463,0.6235294938087463
441,0.011744755320250988,0.011744755320250988,0.6182107329368591,0.6182107329368591
442,0.025028668344020844,0.025028668344020844,0.7110750675201416,0.7110750675201416
443,0.02203037589788437,0.02203037589788437,0.7317337393760681,0.7317337393760681
444,0.019300341606140137,0.019300341606140137,0.5747494101524353,0.5747494101524353
445,0.014571798034012318,0.014571798034012318,0.5876284837722778,0.5876284837722778
446,0.01104620099067688,0.01104620099067688,0.5754027962684631,0.5754027962684631
447,0.018280548974871635,0.018280548974871635,0.687025249004364,0.687025249004364
448,0.010266372002661228,0.010266372002661228,0.551575243473053,0.551575243473053
449,0.028654029592871666,0.028654029592871666,0.6095631122589111,0.6095631122589111
450,0.00530865928158164,0.11150746047496796,0.5775623917579651,0.5775623917579651
451,0.004295777529478073,0.004295777529478073,0.6109426617622375,0.6109426617622375
452,0.003258253913372755,0.003258253913372755,0.6301954388618469,0.6301954388618469
453,0.0047776103019714355,0.0047776103019714355,0.5987884402275085,0.5987884402275085
454,0.004753416869789362,0.004753416869789362,0.6092112064361572,0.6092112064361572
455,0.002689407905563712,0.002689407905563712,0.6165068745613098,0.6165068745613098
456,0.003607300342991948,0.003607300342991948,0.5987904071807861,0.5987904071807861
457,0.003559695789590478,0.003559695789590478,0.60808265209198,0.60808265209198
458,0.003795136697590351,0.003795136697590351,0.5947054028511047,0.5947054028511047
459,0.004130631685256958,0.004130631685256958,0.5806383490562439,0.5806383490562439
460,0.004597275517880917,0.004597275517880917,0.5832197070121765,0.5832197070121765
461,0.003397311782464385,0.003397311782464385,0.6180109977722168,0.6180109977722168
462,0.007656806614249945,0.007656806614249945,0.6084973216056824,0.6084973216056824
463,0.002841294277459383,0.002841294277459383,0.6002779603004456,0.6002779603004456
464,0.003068750025704503,0.003068750025704503,0.576894223690033,0.576894223690033
465,0.00275903707370162,0.00275903707370162,0.6037698984146118,0.6037698984146118
466,0.004810636397451162,0.004810636397451162,0.6135537624359131,0.6135537624359131
467,0.004600293934345245,0.004600293934345245,0.5950340628623962,0.5950340628623962
468,0.0027960329316556454,0.0027960329316556454,0.6019282341003418,0.6019282341003418
469,0.0031052748672664165,0.0031052748672664165,0.581345796585083,0.581345796585083
470,0.002611093921586871,0.002611093921586871,0.5641742944717407,0.5641742944717407
471,0.0023320913314819336,0.0023320913314819336,0.5786450505256653,0.5786450505256653
472,0.003484743880107999,0.003484743880107999,0.5613306164741516,0.5613306164741516
473,0.0031866198405623436,0.0031866198405623436,0.5917629599571228,0.5917629599571228
474,0.0040015000849962234,0.0040015000849962234,0.5828880071640015,0.5828880071640015
475,0.002493278356269002,0.002493278356269002,0.6126990914344788,0.6126990914344788
476,0.003365542972460389,0.003365542972460389,0.608199417591095,0.608199417591095
477,0.0026598384138196707,0.0026598384138196707,0.6097168326377869,0.6097168326377869
478,0.00499458983540535,0.00499458983540535,0.5924550890922546,0.5924550890922546
479,0.0031337060499936342,0.0031337060499936342,0.5811381340026855,0.5811381340026855
480,0.005428595002740622,0.005428595002740622,0.5905055999755859,0.5905055999755859
481,0.003237767145037651,0.003237767145037651,0.6008716225624084,0.6008716225624084
482,0.005537676624953747,0.005537676624953747,0.5934648513793945,0.5934648513793945
483,0.00306741613894701,0.00306741613894701,0.6050258278846741,0.6050258278846741
484,0.0021757420618087053,0.0021757420618087053,0.6051345467567444,0.6051345467567444
485,0.0022905059158802032,0.0022905059158802032,0.5925115346908569,0.5925115346908569
486,0.0022911645937711,0.0022911645937711,0.5903147459030151,0.5903147459030151
487,0.0025895319413393736,0.0025895319413393736,0.5432242155075073,0.5432242155075073
488,0.004850775934755802,0.004850775934755802,0.5421582460403442,0.5421582460403442
489,0.00327715533785522,0.00327715533785522,0.5340248346328735,0.5340248346328735
490,0.014544662088155746,0.10584433376789093,0.6105111837387085,0.6105111837387085
491,0.01801696978509426,0.01801696978509426,0.5582194924354553,0.5582194924354553
492,0.014508065767586231,0.014508065767586231,0.520310640335083,0.520310640335083
493,0.019684087485074997,0.019684087485074997,0.6303760409355164,0.6303760409355164
494,0.009178993292152882,0.009178993292152882,0.5373734831809998,0.5373734831809998
495,0.00871302280575037,0.00871302280575037,0.6002770662307739,0.6002770662307739
496,0.01359008252620697,0.01359008252620697,0.8004141449928284,0.8004141449928284
497,0.014097697101533413,0.014097697101533413,0.5539313554763794,0.5539313554763794
498,0.01773267611861229,0.01773267611861229,0.5447779297828674,0.5447779297828674
499,0.016246527433395386,0.016246527433395386,0.5959636569023132,0.5959636569023132
500,0.012240621261298656,0.1148310974240303,0.5460801720619202,0.5460801720619202
501,0.007322472985833883,0.007322472985833883,0.540393054485321,0.540393054485321
502,0.006283077877014875,0.006283077877014875,0.533208429813385,0.533208429813385
503,0.005826287437230349,0.005826287437230349,0.547075092792511,0.547075092792511
504,0.005967395845800638,0.005967395845800638,0.5043280720710754,0.5043280720710754
505,0.004360644146800041,0.004360644146800041,0.5236903429031372,0.5236903429031372
506,0.006476776208728552,0.006476776208728552,0.5358216762542725,0.5358216762542725
507,0.005409997887909412,0.005409997887909412,0.5317690968513489,0.5317690968513489
508,0.004283852409571409,0.004283852409571409,0.5434367656707764,0.5434367656707764
509,0.00259450264275074,0.00259450264275074,0.5232561826705933,0.5232561826705933
510,0.004940974526107311,0.004940974526107311,0.5639064908027649,0.5639064908027649
511,0.0039746412076056,0.0039746412076056,0.5502787232398987,0.5502787232398987
512,0.004854102618992329,0.004854102618992329,0.588659405708313,0.588659405708313
513,0.0036886294838041067,0.0036886294838041067,0.587449848651886,0.587449848651886
514,0.004734355490654707,0.004734355490654707,0.5773466229438782,0.5773466229438782
515,0.004161096177995205,0.004161096177995205,0.5722330808639526,0.5722330808639526
516,0.004097767639905214,0.004097767639905214,0.5657243132591248,0.5657243132591248
517,0.003883638884872198,0.003883638884872198,0.564026951789856,0.564026951789856
518,0.006958169862627983,0.006958169862627983,0.549207866191864,0.549207866191864
519,0.0024726337287575006,0.0024726337287575006,0.5337088704109192,0.5337088704109192
520,0.003922128118574619,0.003922128118574619,0.5072934627532959,0.5072934627532959
521,0.0036403052508831024,0.0036403052508831024,0.5222890973091125,0.5222890973091125
522,0.0026557515375316143,0.0026557515375316143,0.5338799953460693,0.5338799953460693
523,0.0033570206724107265,0.0033570206724107265,0.5417195558547974,0.5417195558547974
524,0.0037070349790155888,0.0037070349790155888,0.5477725863456726,0.5477725863456726
525,0.0036295312456786633,0.0036295312456786633,0.5489194989204407,0.5489194989204407
526,0.0033757020719349384,0.0033757020719349384,0.5684435963630676,0.5684435963630676
527,0.0035691424272954464,0.0035691424272954464,0.5586527585983276,0.5586527585983276
528,0.004198921844363213,0.004198921844363213,0.5746331214904785,0.5746331214904785
529,0.003230974543839693,0.003230974543839693,0.5638251304626465,0.5638251304626465
530,0.0034265564754605293,0.0034265564754605293,0.5621531009674072,0.5621531009674072
531,0.0070575871504843235,0.0070575871504843235,0.5288774967193604,0.5288774967193604
532,0.0033690365962684155,0.0033690365962684155,0.5436762571334839,0.5436762571334839
533,0.002803252777084708,0.002803252777084708,0.5343602299690247,0.5343602299690247
534,0.002394953276962042,0.002394953276962042,0.5591545104980469,0.5591545104980469
535,0.004254327155649662,0.004254327155649662,0.5702661275863647,0.5702661275863647
536,0.0048734568990767,0.0048734568990767,0.5690394043922424,0.5690394043922424
537,0.003241129219532013,0.003241129219532013,0.5555992126464844,0.5555992126464844
538,0.0028290620539337397,0.0028290620539337397,0.5677475929260254,0.5677475929260254
539,0.003159372601658106,0.003159372601658106,0.5242233872413635,0.5242233872413635
540,0.01768706552684307,0.10671182721853256,0.6318808794021606,0.6318808794021606
541,0.01598878763616085,0.01598878763616085,0.6507441401481628,0.6507441401481628
542,0.013653814792633057,0.013653814792633057,0.7368865609169006,0.7368865609169006
543,0.01926831342279911,0.01926831342279911,0.5823330283164978,0.5823330283164978
544,0.010358951985836029,0.010358951985836029,0.4860416054725647,0.4860416054725647
545,0.010341759771108627,0.010341759771108627,0.601426362991333,0.601426362991333
546,0.023009898141026497,0.023009898141026497,0.5308389663696289,0.5308389663696289
547,0.0138264000415802,0.0138264000415802,0.4817768931388855,0.4817768931388855
548,0.00555439805611968,0.00555439805611968,0.7622567415237427,0.7622567415237427
549,0.021632783114910126,0.021632783114910126,0.6264870166778564,0.6264870166778564
550,0.010950456373393536,0.11913222074508667,0.5225321054458618,0.5225321054458618
551,0.007549133617430925,0.007549133617430925,0.5021559596061707,0.5021559596061707
552,0.005471051670610905,0.005471051670610905,0.4903568625450134,0.4903568625450134
553,0.004572540987282991,0.004572540987282991,0.5209133625030518,0.5209133625030518
554,0.004164848010987043,0.004164848010987043,0.5236464142799377,0.5236464142799377
555,0.005710789002478123,0.005710789002478123,0.5125457644462585,0.5125457644462585
556,0.005153315141797066,0.005153315141797066,0.4979861378669739,0.4979861378669739
557,0.004599209874868393,0.004599209874868393,0.5104432106018066,0.5104432106018066
558,0.003106034593656659,0.003106034593656659,0.5271441340446472,0.5271441340446472
559,0.003083037445321679,0.003083037445321679,0.5231501460075378,0.5231501460075378
560,0.00384336756542325,0.00384336756542325,0.5590170621871948,0.5590170621871948
561,0.004794794600456953,0.004794794600456953,0.5531639456748962,0.5531639456748962
562,0.003908273298293352,0.003908273298293352,0.5463690757751465,0.5463690757751465
563,0.004988633096218109,0.004988633096218109,0.5113808512687683,0.5113808512687683
564,0.0034854337573051453,0.0034854337573051453,0.534600019454956,0.534600019454956
565,0.00274600344710052,0.00274600344710052,0.5505307912826538,0.5505307912826538
566,0.0034163848031312227,0.0034163848031312227,0.5559523701667786,0.5559523701667786
567,0.003651450853794813,0.003651450853794813,0.5311219096183777,0.5311219096183777
568,0.003131107660010457,0.003131107660010457,0.517558217048645,0.517558217048645
569,0.0029863324016332626,0.0029863324016332626,0.518365740776062,0.518365740776062
570,0.002979420591145754,0.002979420591145754,0.5360925197601318,0.5360925197601318
571,0.0035289160441607237,0.0035289160441607237,0.536439836025238,0.536439836025238
572,0.002407235559076071,0.002407235559076071,0.5405730605125427,0.5405730605125427
573,0.003826336469501257,0.003826336469501257,0.5395592451095581,0.5395592451095581
574,0.007440124172717333,0.007440124172717333,0.539373517036438,0.539373517036438
575,0.0025456089060753584,0.0025456089060753584,0.5485594868659973,0.5485594868659973
576,0.002503438852727413,0.002503438852727413,0.536013126373291,0.536013126373291
577,0.002727289218455553,0.002727289218455553,0.5387662053108215,0.5387662053108215
578,0.00372512498870492,0.00372512498870492,0.5455234050750732,0.5455234050750732
579,0.004138724412769079,0.004138724412769079,0.559147298336029,0.559147298336029
580,0.003199574537575245,0.003199574537575245,0.538100004196167,0.538100004196167
581,0.002539471723139286,0.002539471723139286,0.5347780585289001,0.5347780585289001
582,0.004683519713580608,0.004683519713580608,0.5519759058952332,0.5519759058952332
583,0.0033663830254226923,0.0033663830254226923,0.5394433736801147,0.5394433736801147
584,0.0035425457172095776,0.0035425457172095776,0.5430476665496826,0.5430476665496826
585,0.0038034531753510237,0.0038034531753510237,0.5532985329627991,0.5532985329627991
586,0.0022267079912126064,0.0022267079912126064,0.5588663816452026,0.5588663816452026
587,0.0025160331279039383,0.0025160331279039383,0.5615382790565491,0.5615382790565491
588,0.003985537216067314,0.003985537216067314,0.5398256182670593,0.5398256182670593
589,0.0016665280563756824,0.0016665280563756824,0.578946053981781,0.578946053981781
590,0.01172706764191389,0.11141683906316757,0.6140422821044922,0.6140422821044922
591,0.011342145502567291,0.011342145502567291,0.5920358896255493,0.5920358896255493
592,0.017870452255010605,0.017870452255010605,0.7045823931694031,0.7045823931694031
593,0.011460603214800358,0.011460603214800358,0.6358025074005127,0.6358025074005127
594,0.009200610220432281,0.009200610220432281,0.6271899342536926,0.6271899342536926
595,0.009063844569027424,0.009063844569027424,0.9499496817588806,0.9499496817588806
596,0.01733585260808468,0.01733585260808468,0.67925626039505,0.67925626039505
597,0.014387466013431549,0.014387466013431549,0.7182891368865967,0.7182891368865967
598,0.010186005383729935,0.010186005383729935,0.5246508121490479,0.5246508121490479
599,0.007895196788012981,0.007895196788012981,0.6377777457237244,0.6377777457237244
600,0.004755526781082153,0.11601044982671738,0.5644883513450623,0.5644883513450623
601,0.004353028256446123,0.004353028256446123,0.549002468585968,0.549002468585968
602,0.004130503162741661,0.004130503162741661,0.5578150749206543,0.5578150749206543
603,0.003208558075129986,0.003208558075129986,0.5797439813613892,0.5797439813613892
604,0.0040612188167870045,0.0040612188167870045,0.5527151823043823,0.5527151823043823
605,0.0024052669759839773,0.0024052669759839773,0.5566118359565735,0.5566118359565735
606,0.0030560859013348818,0.0030560859013348818,0.5228886008262634,0.5228886008262634
607,0.002587644848972559,0.002587644848972559,0.5681656002998352,0.5681656002998352
608,0.002561164554208517,0.002561164554208517,0.5532884001731873,0.5532884001731873
609,0.002888974966481328,0.002888974966481328,0.5482613444328308,0.5482613444328308
610,0.0030257864855229855,0.0030257864855229855,0.5938823819160461,0.5938823819160461
611,0.002573201432824135,0.002573201432824135,0.5898324847221375,0.5898324847221375
612,0.004001882392913103,0.004001882392913103,0.5996288657188416,0.5996288657188416
613,0.002279546344652772,0.002279546344652772,0.5731787085533142,0.5731787085533142
614,0.0026596973184496164,0.0026596973184496164,0.5744323134422302,0.5744323134422302
615,0.0031128390692174435,0.0031128390692174435,0.5568068623542786,0.5568068623542786
616,0.005696275271475315,0.005696275271475315,0.5803308486938477,0.5803308486938477
617,0.003154366509988904,0.003154366509988904,0.5837575793266296,0.5837575793266296
618,0.0033784587867558002,0.0033784587867558002,0.5644115209579468,0.5644115209579468
619,0.0018086872296407819,0.0018086872296407819,0.5697993636131287,0.5697993636131287
620,0.0023430022411048412,0.0023430022411048412,0.559380829334259,0.559380829334259
621,0.0030408950988203287,0.0030408950988203287,0.5566665530204773,0.5566665530204773
622,0.004075750708580017,0.004075750708580017,0.5216752886772156,0.5216752886772156
623,0.0020730453543365,0.0020730453543365,0.5456388592720032,0.5456388592720032
624,0.0025647331494838,0.0025647331494838,0.5116841197013855,0.5116841197013855
625,0.0036871517077088356,0.0036871517077088356,0.5125360488891602,0.5125360488891602
626,0.0019041192717850208,0.0019041192717850208,0.5301229953765869,0.5301229953765869
627,0.0027847811579704285,0.0027847811579704285,0.535267174243927,0.535267174243927
628,0.0022611343301832676,0.0022611343301832676,0.5424195528030396,0.5424195528030396
629,0.002655853284522891,0.002655853284522891,0.5728182196617126,0.5728182196617126
630,0.0019629315938800573,0.0019629315938800573,0.5554764270782471,0.5554764270782471
631,0.0019124250393360853,0.0019124250393360853,0.5620359778404236,0.5620359778404236
632,0.0025084021035581827,0.0025084021035581827,0.565731406211853,0.565731406211853
633,0.0019059681799262762,0.0019059681799262762,0.5652781128883362,0.5652781128883362
634,0.002818506909534335,0.002818506909534335,0.5799660086631775,0.5799660086631775
635,0.004706238862127066,0.004706238862127066,0.5493413209915161,0.5493413209915161
636,0.001557141193188727,0.001557141193188727,0.5761871933937073,0.5761871933937073
637,0.0027639255858957767,0.0027639255858957767,0.5754551887512207,0.5754551887512207
638,0.0035431585274636745,0.0035431585274636745,0.5290539860725403,0.5290539860725403
639,0.0027708958368748426,0.0027708958368748426,0.5655570030212402,0.5655570030212402
640,0.011445610783994198,0.10883164405822754,0.643163800239563,0.643163800239563
641,0.00839671865105629,0.00839671865105629,0.7264530658721924,0.7264530658721924
642,0.015787260606884956,0.015787260606884956,0.6070213317871094,0.6070213317871094
643,0.0053185527212917805,0.0053185527212917805,0.5768018960952759,0.5768018960952759
644,0.004305889829993248,0.004305889829993248,0.61748206615448,0.61748206615448
645,0.026540607213974,0.026540607213974,0.6466125249862671,0.6466125249862671
646,0.016455844044685364,0.016455844044685364,0.6288671493530273,0.6288671493530273
647,0.019587835296988487,0.019587835296988487,0.5830018520355225,0.5830018520355225
648,0.0030465987510979176,0.0030465987510979176,0.5659878849983215,0.5659878849983215
649,0.004185096826404333,0.004185096826404333,0.597209632396698,0.597209632396698
650,0.004672681912779808,0.10881209373474121,0.6007319688796997,0.6007319688796997
651,0.0030953974928706884,0.0030953974928706884,0.6220310926437378,0.6220310926437378
652,0.0024642611388117075,0.0024642611388117075,0.6458883285522461,0.6458883285522461
653,0.0069957310333848,0.0069957310333848,0.614416778087616,0.614416778087616
654,0.003957837354391813,0.003957837354391813,0.6355376243591309,0.6355376243591309
655,0.002344447886571288,0.002344447886571288,0.6126402616500854,0.6126402616500854
656,0.0051111215725541115,0.0051111215725541115,0.5847821831703186,0.5847821831703186
657,0.002084545325487852,0.002084545325487852,0.5823033452033997,0.5823033452033997
658,0.0026512611657381058,0.0026512611657381058,0.6111555695533752,0.6111555695533752
659,0.00207400880753994,0.00207400880753994,0.6199526786804199,0.6199526786804199
660,0.0027028860058635473,0.0027028860058635473,0.6371899247169495,0.6371899247169495
661,0.00274220434948802,0.00274220434948802,0.5816184282302856,0.5816184282302856
662,0.006026179064065218,0.006026179064065218,0.5678229331970215,0.5678229331970215
663,0.002605533692985773,0.002605533692985773,0.5868379473686218,0.5868379473686218
664,0.0016433418495580554,0.0016433418495580554,0.611697256565094,0.611697256565094
665,0.0024504426401108503,0.0024504426401108503,0.6490863561630249,0.6490863561630249
666,0.003127284348011017,0.003127284348011017,0.5985609889030457,0.5985609889030457
667,0.0028175220359116793,0.0028175220359116793,0.6285824775695801,0.6285824775695801
668,0.0022177593782544136,0.0022177593782544136,0.5924080610275269,0.5924080610275269
669,0.002412850735709071,0.002412850735709071,0.592714786529541,0.592714786529541
670,0.0023469661828130484,0.0023469661828130484,0.5980442762374878,0.5980442762374878
671,0.0028722535353153944,0.0028722535353153944,0.6051364541053772,0.6051364541053772
672,0.0035711403470486403,0.0035711403470486403,0.5721860527992249,0.5721860527992249
673,0.002260270295664668,0.002260270295664668,0.582800567150116,0.582800567150116
674,0.002993260743096471,0.002993260743096471,0.5707009434700012,0.5707009434700012
675,0.0053452965803444386,0.0053452965803444386,0.5472129583358765,0.5472129583358765
676,0.002608082490041852,0.002608082490041852,0.56260085105896,0.56260085105896
677,0.0026880300138145685,0.0026880300138145685,0.6078421473503113,0.6078421473503113
678,0.003653802676126361,0.003653802676126361,0.5770958662033081,0.5770958662033081
679,0.0018086318159475923,0.0018086318159475923,0.5655102729797363,0.5655102729797363
680,0.0015995913418009877,0.0015995913418009877,0.5566227436065674,0.5566227436065674
681,0.0027251422870904207,0.0027251422870904207,0.5488949418067932,0.5488949418067932
682,0.002886079018935561,0.002886079018935561,0.5450741648674011,0.5450741648674011
683,0.0024168475065380335,0.0024168475065380335,0.5433218479156494,0.5433218479156494
684,0.0013913115253672004,0.0013913115253672004,0.5635104775428772,0.5635104775428772
685,0.0018383956048637629,0.0018383956048637629,0.5734896063804626,0.5734896063804626
686,0.002443601144477725,0.002443601144477725,0.5709351897239685,0.5709351897239685
687,0.0018424667650833726,0.0018424667650833726,0.5770478248596191,0.5770478248596191
688,0.0022947273682802916,0.0022947273682802916,0.5854713916778564,0.5854713916778564
689,0.0076079536229372025,0.0076079536229372025,0.5552525520324707,0.5552525520324707
